<?xml version="1.0" encoding="UTF-8"?>
<module name="omnidocs_library" xmlns="urn:jboss:module:1.1">
    <resources>
        <resource-root path="azure-storage-5.0.0.jar"/>
        <resource-root path="ISPack.jar"/>
        <resource-root path="jdts.jar"/>
        <resource-root path="common-lang3.jar"/>
        <resource-root path="nsms.jar"/>
        <resource-root path="ejbclient.jar"/>
        <resource-root path="omnishared.jar"/>
        <resource-root path="ngejbcallbroker.jar"/>
        <resource-root path="NIPLJ.jar"/>
        <resource-root path="NGLogger.jar"/>
        <resource-root path="ngutility.jar"/>
        <resource-root path="ojdbc6.jar"/>
		<resource-root path="postgresql-42.3.3.jar"/>
        <resource-root path="sqljdbc4-4.0.jar"/>
        <resource-root path="wfsclient.jar"/>
		<resource-root path="wfsshared.jar"/>
		<resource-root path="jboss-client.jar"/>
    </resources>
    <dependencies>
        <system export="true">
            <paths>
                <path name="sun/security/action"/>
                <path name="com/sun/tools/javac"/>
                <path name="sun/tools/jar"/>
                <path name="sun/misc"/>
                <path name="sun/reflect"/>
            </paths>
        </system>
        <module name="sun.jdk" export="true"/>
        <module name="javaee.api" export="true"/>
        <module name="oracle.jdbc" export="true"/>
        <module name="com.microsoft.sqlserver.jdbc" export="true"/>
        <module name="org.postgresql" export="true"/>
        <module name="org.jboss.ironjacamar.jdbcadapters" export="true"/>
    </dependencies>
</module>
